{"cameraMode":{"drawMode":0,"name":"Shaded","section":"Shading Mode"},"sceneLighting":false,"audioPlay":false,"sceneViewState":{"m_AlwaysRefresh":false,"showFog":true,"showSkybox":false,"showFlares":true,"showImageEffects":true,"showParticleSystems":true,"showVisualEffectGraphs":true,"m_FxEnabled":true},"in2DMode":false,"pivot":{"x":14.871000289916993,"y":3.7339999675750734,"z":-12.399999618530274},"rotation":{"x":-0.2105068415403366,"y":0.30905020236968996,"z":-0.07039205729961395,"w":-0.9248636960983276},"size":1.4256900548934937,"orthographic":false}