{"cameraMode":{"drawMode":0,"name":"Shaded","section":"Shading Mode"},"sceneLighting":false,"audioPlay":false,"sceneViewState":{"m_AlwaysRefresh":false,"showFog":true,"showSkybox":false,"showFlares":true,"showImageEffects":true,"showParticleSystems":true,"showVisualEffectGraphs":true,"m_FxEnabled":true},"in2DMode":false,"pivot":{"x":4.159999847412109,"y":1.8799999952316285,"z":12.860763549804688},"rotation":{"x":0.07009775936603546,"y":-0.19179067015647889,"z":0.012876033782958985,"w":0.9791322350502014},"size":0.25980743765830996,"orthographic":false}