{"cameraMode":{"drawMode":0,"name":"Shaded","section":"Shading Mode"},"sceneLighting":false,"audioPlay":false,"sceneViewState":{"m_AlwaysRefresh":false,"showFog":true,"showSkybox":false,"showFlares":true,"showImageEffects":true,"showParticleSystems":true,"showVisualEffectGraphs":true,"m_FxEnabled":true},"in2DMode":false,"pivot":{"x":-36.44108581542969,"y":0.19387567043304444,"z":18.2914981842041},"rotation":{"x":0.0016174274496734143,"y":0.9937936067581177,"z":0.014601481147110463,"w":-0.11046230792999268},"size":1.6938592195510865,"orthographic":false}