{"cameraMode":{"drawMode":0,"name":"Shaded","section":"Shading Mode"},"sceneLighting":false,"audioPlay":false,"sceneViewState":{"m_AlwaysRefresh":false,"showFog":true,"showSkybox":false,"showFlares":true,"showImageEffects":true,"showParticleSystems":true,"showVisualEffectGraphs":true,"m_FxEnabled":true},"in2DMode":false,"pivot":{"x":0.05469299107789993,"y":0.2992781400680542,"z":-2.2351741790771486e-8},"rotation":{"x":0.012834093533456326,"y":-0.985795795917511,"z":0.1417461782693863,"w":0.08925116807222367},"size":0.31700921058654787,"orthographic":false}