{"cameraMode":{"drawMode":0,"name":"Shaded","section":"Shading Mode"},"sceneLighting":false,"audioPlay":false,"sceneViewState":{"m_AlwaysRefresh":false,"showFog":true,"showSkybox":false,"showFlares":true,"showImageEffects":true,"showParticleSystems":true,"showVisualEffectGraphs":true,"m_FxEnabled":true},"in2DMode":false,"pivot":{"x":0.05469299107789993,"y":0.2992781400680542,"z":-1.862645149230957e-8},"rotation":{"x":0.03578285500407219,"y":0.9615786671638489,"z":-0.15212440490722657,"w":0.22616374492645265},"size":0.3090892732143402,"orthographic":false}