{"cameraMode":{"drawMode":0,"name":"Shaded","section":"Shading Mode"},"sceneLighting":false,"audioPlay":false,"sceneViewState":{"m_AlwaysRefresh":false,"showFog":true,"showSkybox":false,"showFlares":true,"showImageEffects":true,"showParticleSystems":true,"showVisualEffectGraphs":true,"m_FxEnabled":true},"in2DMode":false,"pivot":{"x":2.1690826416015627,"y":0.0247171800583601,"z":-0.8675387501716614},"rotation":{"x":-0.33695727586746218,"y":0.020149845629930497,"z":-0.010012946091592312,"w":-0.9422192573547363},"size":2.6612486839294435,"orthographic":false}