{"cameraMode":{"drawMode":0,"name":"Shaded","section":"Shading Mode"},"sceneLighting":false,"audioPlay":false,"sceneViewState":{"m_AlwaysRefresh":false,"showFog":true,"showSkybox":false,"showFlares":true,"showImageEffects":true,"showParticleSystems":true,"showVisualEffectGraphs":true,"m_FxEnabled":true},"in2DMode":false,"pivot":{"x":-0.00009590387344360352,"y":0.8015390634536743,"z":0.07532685995101929},"rotation":{"x":-0.0362757183611393,"y":0.9604141116142273,"z":-0.22510001063346864,"w":-0.16547293961048127},"size":1.3028924465179444,"orthographic":false}