{"cameraMode":{"drawMode":0,"name":"Shaded","section":"Shading Mode"},"sceneLighting":false,"audioPlay":false,"sceneViewState":{"m_AlwaysRefresh":false,"showFog":true,"showSkybox":false,"showFlares":true,"showImageEffects":true,"showParticleSystems":true,"showVisualEffectGraphs":true,"m_FxEnabled":true},"in2DMode":false,"pivot":{"x":0.09541916847229004,"y":1.0706433057785035,"z":-0.035087406635284427},"rotation":{"x":-0.1253521740436554,"y":-0.6168202757835388,"z":0.09746814519166947,"w":-0.7720580697059631},"size":1.6938592195510865,"orthographic":false}