{"cameraMode":{"drawMode":0,"name":"Shaded","section":"Shading Mode"},"sceneLighting":true,"audioPlay":false,"sceneViewState":{"m_AlwaysRefresh":false,"showFog":true,"showSkybox":true,"showFlares":true,"showImageEffects":true,"showParticleSystems":true,"showVisualEffectGraphs":true,"m_FxEnabled":true},"in2DMode":false,"pivot":{"x":0.054692983627319339,"y":1.2392780780792237,"z":-1.4901161193847657e-8},"rotation":{"x":0.1300794780254364,"y":-0.732233464717865,"z":0.14599964022636414,"w":0.6523829102516174},"size":5.724745750427246,"orthographic":false}