{"cameraMode":{"drawMode":0,"name":"Shaded","section":"Shading Mode"},"sceneLighting":true,"audioPlay":false,"sceneViewState":{"m_AlwaysRefresh":false,"showFog":true,"showSkybox":true,"showFlares":true,"showImageEffects":true,"showParticleSystems":true,"showVisualEffectGraphs":true,"m_FxEnabled":true},"in2DMode":false,"pivot":{"x":260.82330322265627,"y":223.00265502929688,"z":47.267608642578128},"rotation":{"x":0.000897417136002332,"y":0.022496171295642854,"z":-0.000022949818230699748,"w":0.9997696280479431},"size":241.58013916015626,"orthographic":false}