{"cameraMode":{"drawMode":0,"name":"Shaded","section":"Shading Mode"},"sceneLighting":true,"audioPlay":false,"sceneViewState":{"m_AlwaysRefresh":false,"showFog":true,"showSkybox":true,"showFlares":true,"showImageEffects":true,"showParticleSystems":true,"showVisualEffectGraphs":true,"m_FxEnabled":true},"in2DMode":false,"pivot":{"x":38.0036506652832,"y":1.4888527393341065,"z":1.771350622177124},"rotation":{"x":-0.055294591933488849,"y":0.8601349592208862,"z":-0.09531132876873017,"w":-0.49819958209991457},"size":2.6230645179748537,"orthographic":false}