{"cameraMode":{"drawMode":0,"name":"Shaded","section":"Shading Mode"},"sceneLighting":true,"audioPlay":false,"sceneViewState":{"m_AlwaysRefresh":false,"showFog":true,"showSkybox":true,"showFlares":true,"showImageEffects":true,"showParticleSystems":true,"showVisualEffectGraphs":true,"m_FxEnabled":true},"in2DMode":false,"pivot":{"x":-0.15076828002929688,"y":0.48209381103515627,"z":-32.77909851074219},"rotation":{"x":0.009910413064062596,"y":-0.9797050356864929,"z":0.19382621347904206,"w":0.0506262332201004},"size":62.897911071777347,"orthographic":false}