{"cameraMode":{"drawMode":0,"name":"Shaded","section":"Shading Mode"},"sceneLighting":true,"audioPlay":false,"sceneViewState":{"m_AlwaysRefresh":false,"showFog":true,"showSkybox":true,"showFlares":true,"showImageEffects":true,"showParticleSystems":true,"showVisualEffectGraphs":true,"m_FxEnabled":true},"in2DMode":false,"pivot":{"x":43.290000915527347,"y":3.5799999237060549,"z":-30.139999389648439},"rotation":{"x":0.06599070876836777,"y":-0.4807645082473755,"z":0.03555074706673622,"w":0.8739391565322876},"size":9.572701454162598,"orthographic":false}