{"cameraMode":{"drawMode":0,"name":"Shaded","section":"Shading Mode"},"sceneLighting":true,"audioPlay":false,"sceneViewState":{"m_AlwaysRefresh":false,"showFog":true,"showSkybox":true,"showFlares":true,"showImageEffects":true,"showParticleSystems":true,"showVisualEffectGraphs":true,"m_FxEnabled":true},"in2DMode":false,"pivot":{"x":37.10021209716797,"y":1.3273473978042603,"z":-0.12479613721370697},"rotation":{"x":-0.13836032152175904,"y":0.7049766778945923,"z":-0.14314432442188264,"w":-0.680843710899353},"size":1.9640228748321534,"orthographic":false}