{"cameraMode":{"drawMode":0,"name":"Shaded","section":"Shading Mode"},"sceneLighting":true,"audioPlay":false,"sceneViewState":{"m_AlwaysRefresh":false,"showFog":true,"showSkybox":true,"showFlares":true,"showImageEffects":true,"showParticleSystems":true,"showVisualEffectGraphs":true,"m_FxEnabled":true},"in2DMode":false,"pivot":{"x":8.943686485290528,"y":-0.15264707803726197,"z":-16.460386276245118},"rotation":{"x":0.03674736246466637,"y":-0.9188891053199768,"z":0.08789917081594467,"w":0.38317999243736269},"size":11.700030326843262,"orthographic":false}